<?xml version="1.0" encoding="UTF-8"?>
<vosi:capabilities
  xmlns:vosi="http://www.ivoa.net/xml/VOSICapabilities/v1.0"
  xmlns:xsi="http://www.w3.org/2001/XMLSchema-instance"
  xmlns:vs="http://www.ivoa.net/xml/VODataService/v1.1">

  <capability standardID="ivo://ivoa.net/std/VOSI#capabilities">
    <interface xsi:type="vs:ParamHTTP" role="std">
      <accessURL use="full">https://replace.me.com/api/tap/capabilities</accessURL>
    </interface>
  </capability>

  <capability standardID="ivo://ivoa.net/std/VOSI#availability">
    <interface xsi:type="vs:ParamHTTP" role="std">
      <accessURL use="full">https://replace.me.com/api/tap/availability</accessURL>
    </interface>
  </capability>

  <capability standardID="vos://cadc.nrc.ca~vospace/CADC/std/Logging#control-1.0">
    <interface xsi:type="vs:ParamHTTP" role="std" version="1.0">
      <accessURL use="full">https://replace.me.com/api/tap/logControl</accessURL>
      <securityMethod standardID="ivo://ivoa.net/sso#BasicAA"/>
      <securityMethod standardID="ivo://ivoa.net/sso#cookie"/>
      <securityMethod standardID="ivo://ivoa.net/sso#OAuth"/>
      <securityMethod standardID="ivo://ivoa.net/sso#saml2.0"/>
      <securityMethod standardID="ivo://ivoa.net/sso#OpenID"/>
    </interface>
  </capability>

  <capability standardID="ivo://ivoa.net/std/VOSI#tables-1.1">
    <interface xsi:type="vs:ParamHTTP" role="std" version="1.1">
      <accessURL use="base">https://replace.me.com/api/tap/tables</accessURL>
      <securityMethod standardID="ivo://ivoa.net/sso#BasicAA"/>
      <securityMethod standardID="ivo://ivoa.net/sso#cookie"/>
      <securityMethod standardID="ivo://ivoa.net/sso#OAuth"/>
      <securityMethod standardID="ivo://ivoa.net/sso#saml2.0"/>
      <securityMethod standardID="ivo://ivoa.net/sso#OpenID"/>
    </interface>
  </capability>

  <!-- TAP-1.1 -->
  <capability standardID="ivo://ivoa.net/std/TAP"
    xmlns:tr="http://www.ivoa.net/xml/TAPRegExt/v1.0" xsi:type="tr:TableAccess">
    <interface xsi:type="vs:ParamHTTP" role="std" version="1.1">
      <accessURL use="base">https://replace.me.com/api/tap</accessURL>
      <securityMethod standardID="ivo://ivoa.net/sso#BasicAA"/>
      <securityMethod standardID="ivo://ivoa.net/sso#cookie"/>
      <securityMethod standardID="ivo://ivoa.net/sso#OAuth"/>
      <securityMethod standardID="ivo://ivoa.net/sso#saml2.0"/>
      <securityMethod standardID="ivo://ivoa.net/sso#OpenID"/>
    </interface>
    <dataModel ivo-id="ivo://ivoa.net/std/ObsCore#core-1.1">ObsCore-1.1</dataModel>
    <language>
      <name>ADQL</name>
      <version ivo-id="ivo://ivoa.net/std/ADQL#v2.0">2.0</version>
      <description>ADQL-2.0</description>
      <languageFeatures type="ivo://ivoa.net/std/TAPRegExt#features-adqlgeo">
        <feature>
          <form>POINT</form>
        </feature>
        <feature>
          <form>CIRCLE</form>
        </feature>
        <feature>
          <form>DISTANCE</form>
        </feature>
        <feature>
          <form>POLYGON</form>
        </feature>
        <feature>
          <form>CONTAINS</form>
        </feature>
        <!-- REGION, INTERSECTS, AREA, CENTROID, COORD1, and COORD2 not supported by Qserv -->
      </languageFeatures>
    </language>
    <outputFormat ivo-id="ivo://ivoa.net/std/TAPRegExt#output-votable-td">
      <mime>application/x-votable+xml</mime>
      <alias>votable</alias>
    </outputFormat>
    <outputFormat  ivo-id="ivo://ivoa.net/std/TAPRegExt#output-votable-td">
      <mime>text/xml</mime>
    </outputFormat>
    <outputFormat>
      <mime>text/csv</mime>
      <alias>csv</alias>
    </outputFormat>
    <outputFormat>
      <mime>text/tab-separated-values</mime>
      <alias>tsv</alias>
    </outputFormat>
    <!-- uploadMethods are not yet supported by Qserv -->
    <retentionPeriod>
      <default>604800</default>
      <hard>604800</hard>
    </retentionPeriod>
    <executionDuration>
      <default>600</default>
      <hard>600</hard>
    </executionDuration>
    <!-- outputLimit for async queries: 128MB -->
    <outputLimit>
      <default unit="byte">134217728</default>
      <hard unit="byte">134217728</hard>
    </outputLimit>
    <!-- outputLimit for sync queries: no limit -->
    <uploadLimit>
      <default unit="row">10000</default>
      <hard unit="row">10000</hard>
    </uploadLimit>
  </capability>

</vosi:capabilities>
